IdDex,Name,IdSearch
1,Bulbasaur,0001 - Bulbasaur
2,Ivysaur,0002 - Ivysaur
3,Venusaur,0003 - Venusaur
4,Charmander,0004 - Charmander
5,Charmeleon,0005 - Charmeleon
6,Charizard,0006 - Charizard
7,Squirtle,0007 - Squirtle
8,Wartortle,0008 - Wartortle
9,Blastoise,0009 - Blastoise
10,Caterpie,0010 - Caterpie
11,Metapod,0011 - Metapod
12,Butterfree,0012 - Butterfree
13,Weedle,0013 - Weedle
14,Kakuna,0014 - Kakuna
15,Beedrill,0015 - Beedrill
16,Pidgey,0016 - Pidgey
17,Pidgeotto,0017 - Pidgeotto
18,Pidgeot,0018 - Pidgeot
19,Rattata,0019 - Rattata
20,Raticate,0020 - Raticate
21,Spearow,0021 - Spearow
22,Fearow,0022 - Fearow
23,Ekans,0023 - Ekans
24,Arbok,0024 - Arbok
25,Pikachu,0025 - Pikachu
26,Raichu,0026 - Raichu
27,Sandshrew,0027 - Sandshrew
28,Sandslash,0028 - Sandslash
29,Nidoran-f,0029 - Nidoran-f
30,Nidorina,0030 - Nidorina
31,Nidoqueen,0031 - Nidoqueen
32,Nidoran-m,0032 - Nidoran-m
33,Nidorino,0033 - Nidorino
34,Nidoking,0034 - Nidoking
35,Clefairy,0035 - Clefairy
36,Clefable,0036 - Clefable
37,Vulpix,0037 - Vulpix
38,Ninetales,0038 - Ninetales
39,Jigglypuff,0039 - Jigglypuff
40,Wigglytuff,0040 - Wigglytuff
41,Zubat,0041 - Zubat
42,Golbat,0042 - Golbat
43,Oddish,0043 - Oddish
44,Gloom,0044 - Gloom
45,Vileplume,0045 - Vileplume
46,Paras,0046 - Paras
47,Parasect,0047 - Parasect
48,Venonat,0048 - Venonat
49,Venomoth,0049 - Venomoth
50,Diglett,0050 - Diglett
51,Dugtrio,0051 - Dugtrio
52,Meowth,0052 - Meowth
53,Persian,0053 - Persian
54,Psyduck,0054 - Psyduck
55,Golduck,0055 - Golduck
56,Mankey,0056 - Mankey
57,Primeape,0057 - Primeape
58,Growlithe,0058 - Growlithe
59,Arcanine,0059 - Arcanine
60,Poliwag,0060 - Poliwag
61,Poliwhirl,0061 - Poliwhirl
62,Poliwrath,0062 - Poliwrath
63,Abra,0063 - Abra
64,Kadabra,0064 - Kadabra
65,Alakazam,0065 - Alakazam
66,Machop,0066 - Machop
67,Machoke,0067 - Machoke
68,Machamp,0068 - Machamp
69,Bellsprout,0069 - Bellsprout
70,Weepinbell,0070 - Weepinbell
71,Victreebel,0071 - Victreebel
72,Tentacool,0072 - Tentacool
73,Tentacruel,0073 - Tentacruel
74,Geodude,0074 - Geodude
75,Graveler,0075 - Graveler
76,Golem,0076 - Golem
77,Ponyta,0077 - Ponyta
78,Rapidash,0078 - Rapidash
79,Slowpoke,0079 - Slowpoke
80,Slowbro,0080 - Slowbro
81,Magnemite,0081 - Magnemite
82,Magneton,0082 - Magneton
83,Farfetch’d,0083 - Farfetch’d
84,Doduo,0084 - Doduo
85,Dodrio,0085 - Dodrio
86,Seel,0086 - Seel
87,Dewgong,0087 - Dewgong
88,Grimer,0088 - Grimer
89,Muk,0089 - Muk
90,Shellder,0090 - Shellder
91,Cloyster,0091 - Cloyster
92,Gastly,0092 - Gastly
93,Haunter,0093 - Haunter
94,Gengar,0094 - Gengar
95,Onix,0095 - Onix
96,Drowzee,0096 - Drowzee
97,Hypno,0097 - Hypno
98,Krabby,0098 - Krabby
99,Kingler,0099 - Kingler
100,Voltorb,0100 - Voltorb
101,Electrode,0101 - Electrode
102,Exeggcute,0102 - Exeggcute
103,Exeggutor,0103 - Exeggutor
104,Cubone,0104 - Cubone
105,Marowak,0105 - Marowak
106,Hitmonlee,0106 - Hitmonlee
107,Hitmonchan,0107 - Hitmonchan
108,Lickitung,0108 - Lickitung
109,Koffing,0109 - Koffing
110,Weezing,0110 - Weezing
111,Rhyhorn,0111 - Rhyhorn
112,Rhydon,0112 - Rhydon
113,Chansey,0113 - Chansey
114,Tangela,0114 - Tangela
115,Kangaskhan,0115 - Kangaskhan
116,Horsea,0116 - Horsea
117,Seadra,0117 - Seadra
118,Goldeen,0118 - Goldeen
119,Seaking,0119 - Seaking
120,Staryu,0120 - Staryu
121,Starmie,0121 - Starmie
122,Mr. Mime,0122 - Mr. Mime
123,Scyther,0123 - Scyther
124,Jynx,0124 - Jynx
125,Electabuzz,0125 - Electabuzz
126,Magmar,0126 - Magmar
127,Pinsir,0127 - Pinsir
128,Tauros,0128 - Tauros
129,Magikarp,0129 - Magikarp
130,Gyarados,0130 - Gyarados
131,Lapras,0131 - Lapras
132,Ditto,0132 - Ditto
133,Eevee,0133 - Eevee
134,Vaporeon,0134 - Vaporeon
135,Jolteon,0135 - Jolteon
136,Flareon,0136 - Flareon
137,Porygon,0137 - Porygon
138,Omanyte,0138 - Omanyte
139,Omastar,0139 - Omastar
140,Kabuto,0140 - Kabuto
141,Kabutops,0141 - Kabutops
142,Aerodactyl,0142 - Aerodactyl
143,Snorlax,0143 - Snorlax
144,Articuno,0144 - Articuno
145,Zapdos,0145 - Zapdos
146,Moltres,0146 - Moltres
147,Dratini,0147 - Dratini
148,Dragonair,0148 - Dragonair
149,Dragonite,0149 - Dragonite
150,Mewtwo,0150 - Mewtwo
151,Mew,0151 - Mew
152,Chikorita,0152 - Chikorita
153,Bayleef,0153 - Bayleef
154,Meganium,0154 - Meganium
155,Cyndaquil,0155 - Cyndaquil
156,Quilava,0156 - Quilava
157,Typhlosion,0157 - Typhlosion
158,Totodile,0158 - Totodile
159,Croconaw,0159 - Croconaw
160,Feraligatr,0160 - Feraligatr
161,Sentret,0161 - Sentret
162,Furret,0162 - Furret
163,Hoothoot,0163 - Hoothoot
164,Noctowl,0164 - Noctowl
165,Ledyba,0165 - Ledyba
166,Ledian,0166 - Ledian
167,Spinarak,0167 - Spinarak
168,Ariados,0168 - Ariados
169,Crobat,0169 - Crobat
170,Chinchou,0170 - Chinchou
171,Lanturn,0171 - Lanturn
172,Pichu,0172 - Pichu
173,Cleffa,0173 - Cleffa
174,Igglybuff,0174 - Igglybuff
175,Togepi,0175 - Togepi
176,Togetic,0176 - Togetic
177,Natu,0177 - Natu
178,Xatu,0178 - Xatu
179,Mareep,0179 - Mareep
180,Flaaffy,0180 - Flaaffy
181,Ampharos,0181 - Ampharos
182,Bellossom,0182 - Bellossom
183,Marill,0183 - Marill
184,Azumarill,0184 - Azumarill
185,Sudowoodo,0185 - Sudowoodo
186,Politoed,0186 - Politoed
187,Hoppip,0187 - Hoppip
188,Skiploom,0188 - Skiploom
189,Jumpluff,0189 - Jumpluff
190,Aipom,0190 - Aipom
191,Sunkern,0191 - Sunkern
192,Sunflora,0192 - Sunflora
193,Yanma,0193 - Yanma
194,Wooper,0194 - Wooper
195,Quagsire,0195 - Quagsire
196,Espeon,0196 - Espeon
197,Umbreon,0197 - Umbreon
198,Murkrow,0198 - Murkrow
199,Slowking,0199 - Slowking
200,Misdreavus,0200 - Misdreavus
201,Unown,0201 - Unown
202,Wobbuffet,0202 - Wobbuffet
203,Girafarig,0203 - Girafarig
204,Pineco,0204 - Pineco
205,Forretress,0205 - Forretress
206,Dunsparce,0206 - Dunsparce
207,Gligar,0207 - Gligar
208,Steelix,0208 - Steelix
209,Snubbull,0209 - Snubbull
210,Granbull,0210 - Granbull
211,Qwilfish,0211 - Qwilfish
212,Scizor,0212 - Scizor
213,Shuckle,0213 - Shuckle
214,Heracross,0214 - Heracross
215,Sneasel,0215 - Sneasel
216,Teddiursa,0216 - Teddiursa
217,Ursaring,0217 - Ursaring
218,Slugma,0218 - Slugma
219,Magcargo,0219 - Magcargo
220,Swinub,0220 - Swinub
221,Piloswine,0221 - Piloswine
222,Corsola,0222 - Corsola
223,Remoraid,0223 - Remoraid
224,Octillery,0224 - Octillery
225,Delibird,0225 - Delibird
226,Mantine,0226 - Mantine
227,Skarmory,0227 - Skarmory
228,Houndour,0228 - Houndour
229,Houndoom,0229 - Houndoom
230,Kingdra,0230 - Kingdra
231,Phanpy,0231 - Phanpy
232,Donphan,0232 - Donphan
233,Porygon2,0233 - Porygon2
234,Stantler,0234 - Stantler
235,Smeargle,0235 - Smeargle
236,Tyrogue,0236 - Tyrogue
237,Hitmontop,0237 - Hitmontop
238,Smoochum,0238 - Smoochum
239,Elekid,0239 - Elekid
240,Magby,0240 - Magby
241,Miltank,0241 - Miltank
242,Blissey,0242 - Blissey
243,Raikou,0243 - Raikou
244,Entei,0244 - Entei
245,Suicune,0245 - Suicune
246,Larvitar,0246 - Larvitar
247,Pupitar,0247 - Pupitar
248,Tyranitar,0248 - Tyranitar
249,Lugia,0249 - Lugia
250,Ho-Oh,0250 - Ho-Oh
251,Celebi,0251 - Celebi
252,Treecko,0252 - Treecko
253,Grovyle,0253 - Grovyle
254,Sceptile,0254 - Sceptile
255,Torchic,0255 - Torchic
256,Combusken,0256 - Combusken
257,Blaziken,0257 - Blaziken
258,Mudkip,0258 - Mudkip
259,Marshtomp,0259 - Marshtomp
260,Swampert,0260 - Swampert
261,Poochyena,0261 - Poochyena
262,Mightyena,0262 - Mightyena
263,Zigzagoon,0263 - Zigzagoon
264,Linoone,0264 - Linoone
265,Wurmple,0265 - Wurmple
266,Silcoon,0266 - Silcoon
267,Beautifly,0267 - Beautifly
268,Cascoon,0268 - Cascoon
269,Dustox,0269 - Dustox
270,Lotad,0270 - Lotad
271,Lombre,0271 - Lombre
272,Ludicolo,0272 - Ludicolo
273,Seedot,0273 - Seedot
274,Nuzleaf,0274 - Nuzleaf
275,Shiftry,0275 - Shiftry
276,Taillow,0276 - Taillow
277,Swellow,0277 - Swellow
278,Wingull,0278 - Wingull
279,Pelipper,0279 - Pelipper
280,Ralts,0280 - Ralts
281,Kirlia,0281 - Kirlia
282,Gardevoir,0282 - Gardevoir
283,Surskit,0283 - Surskit
284,Masquerain,0284 - Masquerain
285,Shroomish,0285 - Shroomish
286,Breloom,0286 - Breloom
287,Slakoth,0287 - Slakoth
288,Vigoroth,0288 - Vigoroth
289,Slaking,0289 - Slaking
290,Nincada,0290 - Nincada
291,Ninjask,0291 - Ninjask
292,Shedinja,0292 - Shedinja
293,Whismur,0293 - Whismur
294,Loudred,0294 - Loudred
295,Exploud,0295 - Exploud
296,Makuhita,0296 - Makuhita
297,Hariyama,0297 - Hariyama
298,Azurill,0298 - Azurill
299,Nosepass,0299 - Nosepass
300,Skitty,0300 - Skitty
301,Delcatty,0301 - Delcatty
302,Sableye,0302 - Sableye
303,Mawile,0303 - Mawile
304,Aron,0304 - Aron
305,Lairon,0305 - Lairon
306,Aggron,0306 - Aggron
307,Meditite,0307 - Meditite
308,Medicham,0308 - Medicham
309,Electrike,0309 - Electrike
310,Manectric,0310 - Manectric
311,Plusle,0311 - Plusle
312,Minun,0312 - Minun
313,Volbeat,0313 - Volbeat
314,Illumise,0314 - Illumise
315,Roselia,0315 - Roselia
316,Gulpin,0316 - Gulpin
317,Swalot,0317 - Swalot
318,Carvanha,0318 - Carvanha
319,Sharpedo,0319 - Sharpedo
320,Wailmer,0320 - Wailmer
321,Wailord,0321 - Wailord
322,Numel,0322 - Numel
323,Camerupt,0323 - Camerupt
324,Torkoal,0324 - Torkoal
325,Spoink,0325 - Spoink
326,Grumpig,0326 - Grumpig
327,Spinda,0327 - Spinda
328,Trapinch,0328 - Trapinch
329,Vibrava,0329 - Vibrava
330,Flygon,0330 - Flygon
331,Cacnea,0331 - Cacnea
332,Cacturne,0332 - Cacturne
333,Swablu,0333 - Swablu
334,Altaria,0334 - Altaria
335,Zangoose,0335 - Zangoose
336,Seviper,0336 - Seviper
337,Lunatone,0337 - Lunatone
338,Solrock,0338 - Solrock
339,Barboach,0339 - Barboach
340,Whiscash,0340 - Whiscash
341,Corphish,0341 - Corphish
342,Crawdaunt,0342 - Crawdaunt
343,Baltoy,0343 - Baltoy
344,Claydol,0344 - Claydol
345,Lileep,0345 - Lileep
346,Cradily,0346 - Cradily
347,Anorith,0347 - Anorith
348,Armaldo,0348 - Armaldo
349,Feebas,0349 - Feebas
350,Milotic,0350 - Milotic
351,Castform,0351 - Castform
352,Kecleon,0352 - Kecleon
353,Shuppet,0353 - Shuppet
354,Banette,0354 - Banette
355,Duskull,0355 - Duskull
356,Dusclops,0356 - Dusclops
357,Tropius,0357 - Tropius
358,Chimecho,0358 - Chimecho
359,Absol,0359 - Absol
360,Wynaut,0360 - Wynaut
361,Snorunt,0361 - Snorunt
362,Glalie,0362 - Glalie
363,Spheal,0363 - Spheal
364,Sealeo,0364 - Sealeo
365,Walrein,0365 - Walrein
366,Clamperl,0366 - Clamperl
367,Huntail,0367 - Huntail
368,Gorebyss,0368 - Gorebyss
369,Relicanth,0369 - Relicanth
370,Luvdisc,0370 - Luvdisc
371,Bagon,0371 - Bagon
372,Shelgon,0372 - Shelgon
373,Salamence,0373 - Salamence
374,Beldum,0374 - Beldum
375,Metang,0375 - Metang
376,Metagross,0376 - Metagross
377,Regirock,0377 - Regirock
378,Regice,0378 - Regice
379,Registeel,0379 - Registeel
380,Latias,0380 - Latias
381,Latios,0381 - Latios
382,Kyogre,0382 - Kyogre
383,Groudon,0383 - Groudon
384,Rayquaza,0384 - Rayquaza
385,Jirachi,0385 - Jirachi
386,Deoxys,0386 - Deoxys
387,Turtwig,0387 - Turtwig
388,Grotle,0388 - Grotle
389,Torterra,0389 - Torterra
390,Chimchar,0390 - Chimchar
391,Monferno,0391 - Monferno
392,Infernape,0392 - Infernape
393,Piplup,0393 - Piplup
394,Prinplup,0394 - Prinplup
395,Empoleon,0395 - Empoleon
396,Starly,0396 - Starly
397,Staravia,0397 - Staravia
398,Staraptor,0398 - Staraptor
399,Bidoof,0399 - Bidoof
400,Bibarel,0400 - Bibarel
401,Kricketot,0401 - Kricketot
402,Kricketune,0402 - Kricketune
403,Shinx,0403 - Shinx
404,Luxio,0404 - Luxio
405,Luxray,0405 - Luxray
406,Budew,0406 - Budew
407,Roserade,0407 - Roserade
408,Cranidos,0408 - Cranidos
409,Rampardos,0409 - Rampardos
410,Shieldon,0410 - Shieldon
411,Bastiodon,0411 - Bastiodon
412,Burmy,0412 - Burmy
413,Wormadam,0413 - Wormadam
414,Mothim,0414 - Mothim
415,Combee,0415 - Combee
416,Vespiquen,0416 - Vespiquen
417,Pachirisu,0417 - Pachirisu
418,Buizel,0418 - Buizel
419,Floatzel,0419 - Floatzel
420,Cherubi,0420 - Cherubi
421,Cherrim,0421 - Cherrim
422,Shellos,0422 - Shellos
423,Gastrodon,0423 - Gastrodon
424,Ambipom,0424 - Ambipom
425,Drifloon,0425 - Drifloon
426,Drifblim,0426 - Drifblim
427,Buneary,0427 - Buneary
428,Lopunny,0428 - Lopunny
429,Mismagius,0429 - Mismagius
430,Honchkrow,0430 - Honchkrow
431,Glameow,0431 - Glameow
432,Purugly,0432 - Purugly
433,Chingling,0433 - Chingling
434,Stunky,0434 - Stunky
435,Skuntank,0435 - Skuntank
436,Bronzor,0436 - Bronzor
437,Bronzong,0437 - Bronzong
438,Bonsly,0438 - Bonsly
439,Mime Jr.,0439 - Mime Jr.
440,Happiny,0440 - Happiny
441,Chatot,0441 - Chatot
442,Spiritomb,0442 - Spiritomb
443,Gible,0443 - Gible
444,Gabite,0444 - Gabite
445,Garchomp,0445 - Garchomp
446,Munchlax,0446 - Munchlax
447,Riolu,0447 - Riolu
448,Lucario,0448 - Lucario
449,Hippopotas,0449 - Hippopotas
450,Hippowdon,0450 - Hippowdon
451,Skorupi,0451 - Skorupi
452,Drapion,0452 - Drapion
453,Croagunk,0453 - Croagunk
454,Toxicroak,0454 - Toxicroak
455,Carnivine,0455 - Carnivine
456,Finneon,0456 - Finneon
457,Lumineon,0457 - Lumineon
458,Mantyke,0458 - Mantyke
459,Snover,0459 - Snover
460,Abomasnow,0460 - Abomasnow
461,Weavile,0461 - Weavile
462,Magnezone,0462 - Magnezone
463,Lickilicky,0463 - Lickilicky
464,Rhyperior,0464 - Rhyperior
465,Tangrowth,0465 - Tangrowth
466,Electivire,0466 - Electivire
467,Magmortar,0467 - Magmortar
468,Togekiss,0468 - Togekiss
469,Yanmega,0469 - Yanmega
470,Leafeon,0470 - Leafeon
471,Glaceon,0471 - Glaceon
472,Gliscor,0472 - Gliscor
473,Mamoswine,0473 - Mamoswine
474,Porygon-Z,0474 - Porygon-Z
475,Gallade,0475 - Gallade
476,Probopass,0476 - Probopass
477,Dusknoir,0477 - Dusknoir
478,Froslass,0478 - Froslass
479,Rotom,0479 - Rotom
480,Uxie,0480 - Uxie
481,Mesprit,0481 - Mesprit
482,Azelf,0482 - Azelf
483,Dialga,0483 - Dialga
484,Palkia,0484 - Palkia
485,Heatran,0485 - Heatran
486,Regigigas,0486 - Regigigas
487,Giratina,0487 - Giratina
488,Cresselia,0488 - Cresselia
489,Phione,0489 - Phione
490,Manaphy,0490 - Manaphy
491,Darkrai,0491 - Darkrai
492,Shaymin,0492 - Shaymin
493,Arceus,0493 - Arceus
494,Victini,0494 - Victini
495,Snivy,0495 - Snivy
496,Servine,0496 - Servine
497,Serperior,0497 - Serperior
498,Tepig,0498 - Tepig
499,Pignite,0499 - Pignite
500,Emboar,0500 - Emboar
501,Oshawott,0501 - Oshawott
502,Dewott,0502 - Dewott
503,Samurott,0503 - Samurott
504,Patrat,0504 - Patrat
505,Watchog,0505 - Watchog
506,Lillipup,0506 - Lillipup
507,Herdier,0507 - Herdier
508,Stoutland,0508 - Stoutland
509,Purrloin,0509 - Purrloin
510,Liepard,0510 - Liepard
511,Pansage,0511 - Pansage
512,Simisage,0512 - Simisage
513,Pansear,0513 - Pansear
514,Simisear,0514 - Simisear
515,Panpour,0515 - Panpour
516,Simipour,0516 - Simipour
517,Munna,0517 - Munna
518,Musharna,0518 - Musharna
519,Pidove,0519 - Pidove
520,Tranquill,0520 - Tranquill
521,Unfezant,0521 - Unfezant
522,Blitzle,0522 - Blitzle
523,Zebstrika,0523 - Zebstrika
524,Roggenrola,0524 - Roggenrola
525,Boldore,0525 - Boldore
526,Gigalith,0526 - Gigalith
527,Woobat,0527 - Woobat
528,Swoobat,0528 - Swoobat
529,Drilbur,0529 - Drilbur
530,Excadrill,0530 - Excadrill
531,Audino,0531 - Audino
532,Timburr,0532 - Timburr
533,Gurdurr,0533 - Gurdurr
534,Conkeldurr,0534 - Conkeldurr
535,Tympole,0535 - Tympole
536,Palpitoad,0536 - Palpitoad
537,Seismitoad,0537 - Seismitoad
538,Throh,0538 - Throh
539,Sawk,0539 - Sawk
540,Sewaddle,0540 - Sewaddle
541,Swadloon,0541 - Swadloon
542,Leavanny,0542 - Leavanny
543,Venipede,0543 - Venipede
544,Whirlipede,0544 - Whirlipede
545,Scolipede,0545 - Scolipede
546,Cottonee,0546 - Cottonee
547,Whimsicott,0547 - Whimsicott
548,Petilil,0548 - Petilil
549,Lilligant,0549 - Lilligant
550,Basculin,0550 - Basculin
551,Sandile,0551 - Sandile
552,Krokorok,0552 - Krokorok
553,Krookodile,0553 - Krookodile
554,Darumaka,0554 - Darumaka
555,Darmanitan,0555 - Darmanitan
556,Maractus,0556 - Maractus
557,Dwebble,0557 - Dwebble
558,Crustle,0558 - Crustle
559,Scraggy,0559 - Scraggy
560,Scrafty,0560 - Scrafty
561,Sigilyph,0561 - Sigilyph
562,Yamask,0562 - Yamask
563,Cofagrigus,0563 - Cofagrigus
564,Tirtouga,0564 - Tirtouga
565,Carracosta,0565 - Carracosta
566,Archen,0566 - Archen
567,Archeops,0567 - Archeops
568,Trubbish,0568 - Trubbish
569,Garbodor,0569 - Garbodor
570,Zorua,0570 - Zorua
571,Zoroark,0571 - Zoroark
572,Minccino,0572 - Minccino
573,Cinccino,0573 - Cinccino
574,Gothita,0574 - Gothita
575,Gothorita,0575 - Gothorita
576,Gothitelle,0576 - Gothitelle
577,Solosis,0577 - Solosis
578,Duosion,0578 - Duosion
579,Reuniclus,0579 - Reuniclus
580,Ducklett,0580 - Ducklett
581,Swanna,0581 - Swanna
582,Vanillite,0582 - Vanillite
583,Vanillish,0583 - Vanillish
584,Vanilluxe,0584 - Vanilluxe
585,Deerling,0585 - Deerling
586,Sawsbuck,0586 - Sawsbuck
587,Emolga,0587 - Emolga
588,Karrablast,0588 - Karrablast
589,Escavalier,0589 - Escavalier
590,Foongus,0590 - Foongus
591,Amoonguss,0591 - Amoonguss
592,Frillish,0592 - Frillish
593,Jellicent,0593 - Jellicent
594,Alomomola,0594 - Alomomola
595,Joltik,0595 - Joltik
596,Galvantula,0596 - Galvantula
597,Ferroseed,0597 - Ferroseed
598,Ferrothorn,0598 - Ferrothorn
599,Klink,0599 - Klink
600,Klang,0600 - Klang
601,Klinklang,0601 - Klinklang
602,Tynamo,0602 - Tynamo
603,Eelektrik,0603 - Eelektrik
604,Eelektross,0604 - Eelektross
605,Elgyem,0605 - Elgyem
606,Beheeyem,0606 - Beheeyem
607,Litwick,0607 - Litwick
608,Lampent,0608 - Lampent
609,Chandelure,0609 - Chandelure
610,Axew,0610 - Axew
611,Fraxure,0611 - Fraxure
612,Haxorus,0612 - Haxorus
613,Cubchoo,0613 - Cubchoo
614,Beartic,0614 - Beartic
615,Cryogonal,0615 - Cryogonal
616,Shelmet,0616 - Shelmet
617,Accelgor,0617 - Accelgor
618,Stunfisk,0618 - Stunfisk
619,Mienfoo,0619 - Mienfoo
620,Mienshao,0620 - Mienshao
621,Druddigon,0621 - Druddigon
622,Golett,0622 - Golett
623,Golurk,0623 - Golurk
624,Pawniard,0624 - Pawniard
625,Bisharp,0625 - Bisharp
626,Bouffalant,0626 - Bouffalant
627,Rufflet,0627 - Rufflet
628,Braviary,0628 - Braviary
629,Vullaby,0629 - Vullaby
630,Mandibuzz,0630 - Mandibuzz
631,Heatmor,0631 - Heatmor
632,Durant,0632 - Durant
633,Deino,0633 - Deino
634,Zweilous,0634 - Zweilous
635,Hydreigon,0635 - Hydreigon
636,Larvesta,0636 - Larvesta
637,Volcarona,0637 - Volcarona
638,Cobalion,0638 - Cobalion
639,Terrakion,0639 - Terrakion
640,Virizion,0640 - Virizion
641,Tornadus,0641 - Tornadus
642,Thundurus,0642 - Thundurus
643,Reshiram,0643 - Reshiram
644,Zekrom,0644 - Zekrom
645,Landorus,0645 - Landorus
646,Kyurem,0646 - Kyurem
647,Keldeo,0647 - Keldeo
648,Meloetta,0648 - Meloetta
649,Genesect,0649 - Genesect
650,Chespin,0650 - Chespin
651,Quilladin,0651 - Quilladin
652,Chesnaught,0652 - Chesnaught
653,Fennekin,0653 - Fennekin
654,Braixen,0654 - Braixen
655,Delphox,0655 - Delphox
656,Froakie,0656 - Froakie
657,Frogadier,0657 - Frogadier
658,Greninja,0658 - Greninja
659,Bunnelby,0659 - Bunnelby
660,Diggersby,0660 - Diggersby
661,Fletchling,0661 - Fletchling
662,Fletchinder,0662 - Fletchinder
663,Talonflame,0663 - Talonflame
664,Scatterbug,0664 - Scatterbug
665,Spewpa,0665 - Spewpa
666,Vivillon,0666 - Vivillon
667,Litleo,0667 - Litleo
668,Pyroar,0668 - Pyroar
669,Flabébé,0669 - Flabébé
670,Floette,0670 - Floette
671,Florges,0671 - Florges
672,Skiddo,0672 - Skiddo
673,Gogoat,0673 - Gogoat
674,Pancham,0674 - Pancham
675,Pangoro,0675 - Pangoro
676,Furfrou,0676 - Furfrou
677,Espurr,0677 - Espurr
678,Meowstic,0678 - Meowstic
679,Honedge,0679 - Honedge
680,Doublade,0680 - Doublade
681,Aegislash,0681 - Aegislash
682,Spritzee,0682 - Spritzee
683,Aromatisse,0683 - Aromatisse
684,Swirlix,0684 - Swirlix
685,Slurpuff,0685 - Slurpuff
686,Inkay,0686 - Inkay
687,Malamar,0687 - Malamar
688,Binacle,0688 - Binacle
689,Barbaracle,0689 - Barbaracle
690,Skrelp,0690 - Skrelp
691,Dragalge,0691 - Dragalge
692,Clauncher,0692 - Clauncher
693,Clawitzer,0693 - Clawitzer
694,Helioptile,0694 - Helioptile
695,Heliolisk,0695 - Heliolisk
696,Tyrunt,0696 - Tyrunt
697,Tyrantrum,0697 - Tyrantrum
698,Amaura,0698 - Amaura
699,Aurorus,0699 - Aurorus
700,Sylveon,0700 - Sylveon
701,Hawlucha,0701 - Hawlucha
702,Dedenne,0702 - Dedenne
703,Carbink,0703 - Carbink
704,Goomy,0704 - Goomy
705,Sliggoo,0705 - Sliggoo
706,Goodra,0706 - Goodra
707,Klefki,0707 - Klefki
708,Phantump,0708 - Phantump
709,Trevenant,0709 - Trevenant
710,Pumpkaboo,0710 - Pumpkaboo
711,Gourgeist,0711 - Gourgeist
712,Bergmite,0712 - Bergmite
713,Avalugg,0713 - Avalugg
714,Noibat,0714 - Noibat
715,Noivern,0715 - Noivern
716,Xerneas,0716 - Xerneas
717,Yveltal,0717 - Yveltal
718,Zygarde,0718 - Zygarde
719,Diancie,0719 - Diancie
720,Hoopa,0720 - Hoopa
721,Volcanion,0721 - Volcanion
722,Rowlet,0722 - Rowlet
723,Dartrix,0723 - Dartrix
724,Decidueye,0724 - Decidueye
725,Litten,0725 - Litten
726,Torracat,0726 - Torracat
727,Incineroar,0727 - Incineroar
728,Popplio,0728 - Popplio
729,Brionne,0729 - Brionne
730,Primarina,0730 - Primarina
731,Pikipek,0731 - Pikipek
732,Trumbeak,0732 - Trumbeak
733,Toucannon,0733 - Toucannon
734,Yungoos,0734 - Yungoos
735,Gumshoos,0735 - Gumshoos
736,Grubbin,0736 - Grubbin
737,Charjabug,0737 - Charjabug
738,Vikavolt,0738 - Vikavolt
739,Crabrawler,0739 - Crabrawler
740,Crabominable,0740 - Crabominable
741,Oricorio,0741 - Oricorio
742,Cutiefly,0742 - Cutiefly
743,Ribombee,0743 - Ribombee
744,Rockruff,0744 - Rockruff
745,Lycanroc,0745 - Lycanroc
746,Wishiwashi,0746 - Wishiwashi
747,Mareanie,0747 - Mareanie
748,Toxapex,0748 - Toxapex
749,Mudbray,0749 - Mudbray
750,Mudsdale,0750 - Mudsdale
751,Dewpider,0751 - Dewpider
752,Araquanid,0752 - Araquanid
753,Fomantis,0753 - Fomantis
754,Lurantis,0754 - Lurantis
755,Morelull,0755 - Morelull
756,Shiinotic,0756 - Shiinotic
757,Salandit,0757 - Salandit
758,Salazzle,0758 - Salazzle
759,Stufful,0759 - Stufful
760,Bewear,0760 - Bewear
761,Bounsweet,0761 - Bounsweet
762,Steenee,0762 - Steenee
763,Tsareena,0763 - Tsareena
764,Comfey,0764 - Comfey
765,Oranguru,0765 - Oranguru
766,Passimian,0766 - Passimian
767,Wimpod,0767 - Wimpod
768,Golisopod,0768 - Golisopod
769,Sandygast,0769 - Sandygast
770,Palossand,0770 - Palossand
771,Pyukumuku,0771 - Pyukumuku
772,Código Cero,0772 - Código Cero
773,Silvally,0773 - Silvally
774,Minior,0774 - Minior
775,Komala,0775 - Komala
776,Turtonator,0776 - Turtonator
777,Togedemaru,0777 - Togedemaru
778,Mimikyu,0778 - Mimikyu
779,Bruxish,0779 - Bruxish
780,Drampa,0780 - Drampa
781,Dhelmise,0781 - Dhelmise
782,Jangmo-o,0782 - Jangmo-o
783,Hakamo-o,0783 - Hakamo-o
784,Kommo-o,0784 - Kommo-o
785,Tapu Koko,0785 - Tapu Koko
786,Tapu Lele,0786 - Tapu Lele
787,Tapu Bulu,0787 - Tapu Bulu
788,Tapu Fini,0788 - Tapu Fini
789,Cosmog,0789 - Cosmog
790,Cosmoem,0790 - Cosmoem
791,Solgaleo,0791 - Solgaleo
792,Lunala,0792 - Lunala
793,Nihilego,0793 - Nihilego
794,Buzzwole,0794 - Buzzwole
795,Pheromosa,0795 - Pheromosa
796,Xurkitree,0796 - Xurkitree
797,Celesteela,0797 - Celesteela
798,Kartana,0798 - Kartana
799,Guzzlord,0799 - Guzzlord
800,Necrozma,0800 - Necrozma
801,Magearna,0801 - Magearna
802,Marshadow,0802 - Marshadow
803,Poipole,0803 - Poipole
804,Naganadel,0804 - Naganadel
805,Stakataka,0805 - Stakataka
806,Blacephalon,0806 - Blacephalon
807,Zeraora,0807 - Zeraora
808,Meltan,0808 - Meltan
809,Melmetal,0809 - Melmetal
810,Grookey,0810 - Grookey
811,Thwackey,0811 - Thwackey
812,Rillaboom,0812 - Rillaboom
813,Scorbunny,0813 - Scorbunny
814,Raboot,0814 - Raboot
815,Cinderace,0815 - Cinderace
816,Sobble,0816 - Sobble
817,Drizzile,0817 - Drizzile
818,Inteleon,0818 - Inteleon
819,Skwovet,0819 - Skwovet
820,Greedent,0820 - Greedent
821,Rookidee,0821 - Rookidee
822,Corvisquire,0822 - Corvisquire
823,Corviknight,0823 - Corviknight
824,Blipbug,0824 - Blipbug
825,Dottler,0825 - Dottler
826,Orbeetle,0826 - Orbeetle
827,Nickit,0827 - Nickit
828,Thievul,0828 - Thievul
829,Gossifleur,0829 - Gossifleur
830,Eldegoss,0830 - Eldegoss
831,Wooloo,0831 - Wooloo
832,Dubwool,0832 - Dubwool
833,Chewtle,0833 - Chewtle
834,Drednaw,0834 - Drednaw
835,Yamper,0835 - Yamper
836,Boltund,0836 - Boltund
837,Rolycoly,0837 - Rolycoly
838,Carkol,0838 - Carkol
839,Coalossal,0839 - Coalossal
840,Applin,0840 - Applin
841,Flapple,0841 - Flapple
842,Appletun,0842 - Appletun
843,Silicobra,0843 - Silicobra
844,Sandaconda,0844 - Sandaconda
845,Cramorant,0845 - Cramorant
846,Arrokuda,0846 - Arrokuda
847,Barraskewda,0847 - Barraskewda
848,Toxel,0848 - Toxel
849,Toxtricity,0849 - Toxtricity
850,Sizzlipede,0850 - Sizzlipede
851,Centiskorch,0851 - Centiskorch
852,Clobbopus,0852 - Clobbopus
853,Grapploct,0853 - Grapploct
854,Sinistea,0854 - Sinistea
855,Polteageist,0855 - Polteageist
856,Hatenna,0856 - Hatenna
857,Hattrem,0857 - Hattrem
858,Hatterene,0858 - Hatterene
859,Impidimp,0859 - Impidimp
860,Morgrem,0860 - Morgrem
861,Grimmsnarl,0861 - Grimmsnarl
862,Obstagoon,0862 - Obstagoon
863,Perrserker,0863 - Perrserker
864,Cursola,0864 - Cursola
865,Sirfetch’d,0865 - Sirfetch’d
866,Mr. Rime,0866 - Mr. Rime
867,Runerigus,0867 - Runerigus
868,Milcery,0868 - Milcery
869,Alcremie,0869 - Alcremie
870,Falinks,0870 - Falinks
871,Pincurchin,0871 - Pincurchin
872,Snom,0872 - Snom
873,Frosmoth,0873 - Frosmoth
874,Stonjourner,0874 - Stonjourner
875,Eiscue,0875 - Eiscue
876,Indeedee,0876 - Indeedee
877,Morpeko,0877 - Morpeko
878,Cufant,0878 - Cufant
879,Copperajah,0879 - Copperajah
880,Dracozolt,0880 - Dracozolt
881,Arctozolt,0881 - Arctozolt
882,Dracovish,0882 - Dracovish
883,Arctovish,0883 - Arctovish
884,Duraludon,0884 - Duraludon
885,Dreepy,0885 - Dreepy
886,Drakloak,0886 - Drakloak
887,Dragapult,0887 - Dragapult
888,Zacian,0888 - Zacian
889,Zamazenta,0889 - Zamazenta
890,Eternatus,0890 - Eternatus
891,Kubfu,0891 - Kubfu
892,Urshifu,0892 - Urshifu
893,Zarude,0893 - Zarude
894,Regieleki,0894 - Regieleki
895,Regidrago,0895 - Regidrago
896,Glastrier,0896 - Glastrier
897,Spectrier,0897 - Spectrier
898,Calyrex,0898 - Calyrex
899,Wyrdeer,0899 - Wyrdeer
900,Kleavor,0900 - Kleavor
901,Ursaluna,0901 - Ursaluna
902,Basculegion,0902 - Basculegion
903,Sneasler,0903 - Sneasler
904,Overqwil,0904 - Overqwil
905,Enamorus,0905 - Enamorus
906,Sprigatito,0906 - Sprigatito
907,Floragato,0907 - Floragato
908,Meowscarada,0908 - Meowscarada
909,Fuecoco,0909 - Fuecoco
910,Crocalor,0910 - Crocalor
911,Skeledirge,0911 - Skeledirge
912,Quaxly,0912 - Quaxly
913,Quaxwell,0913 - Quaxwell
914,Quaquaval,0914 - Quaquaval
915,Lechonk,0915 - Lechonk
916,Oinkologne,0916 - Oinkologne
917,Tarountula,0917 - Tarountula
918,Spidops,0918 - Spidops
919,Nymble,0919 - Nymble
920,Lokix,0920 - Lokix
921,Pawmi,0921 - Pawmi
922,Pawmo,0922 - Pawmo
923,Pawmot,0923 - Pawmot
924,Tandemaus,0924 - Tandemaus
925,Maushold,0925 - Maushold
926,Fidough,0926 - Fidough
927,Dachsbun,0927 - Dachsbun
928,Smoliv,0928 - Smoliv
929,Dolliv,0929 - Dolliv
930,Arboliva,0930 - Arboliva
931,Squawkabilly,0931 - Squawkabilly
932,Nacli,0932 - Nacli
933,Naclstack,0933 - Naclstack
934,Garganacl,0934 - Garganacl
935,Charcadet,0935 - Charcadet
936,Armarouge,0936 - Armarouge
937,Ceruledge,0937 - Ceruledge
938,Tadbulb,0938 - Tadbulb
939,Bellibolt,0939 - Bellibolt
940,Wattrel,0940 - Wattrel
941,Kilowattrel,0941 - Kilowattrel
942,Maschiff,0942 - Maschiff
943,Mabosstiff,0943 - Mabosstiff
944,Shroodle,0944 - Shroodle
945,Grafaiai,0945 - Grafaiai
946,Bramblin,0946 - Bramblin
947,Brambleghast,0947 - Brambleghast
948,Toedscool,0948 - Toedscool
949,Toedscruel,0949 - Toedscruel
950,Klawf,0950 - Klawf
951,Capsakid,0951 - Capsakid
952,Scovillain,0952 - Scovillain
953,Rellor,0953 - Rellor
954,Rabsca,0954 - Rabsca
955,Flittle,0955 - Flittle
956,Espathra,0956 - Espathra
957,Tinkatink,0957 - Tinkatink
958,Tinkatuff,0958 - Tinkatuff
959,Tinkaton,0959 - Tinkaton
960,Wiglett,0960 - Wiglett
961,Wugtrio,0961 - Wugtrio
962,Bombirdier,0962 - Bombirdier
963,Finizen,0963 - Finizen
964,Palafin,0964 - Palafin
965,Varoom,0965 - Varoom
966,Revavroom,0966 - Revavroom
967,Cyclizar,0967 - Cyclizar
968,Orthworm,0968 - Orthworm
969,Glimmet,0969 - Glimmet
970,Glimmora,0970 - Glimmora
971,Greavard,0971 - Greavard
972,Houndstone,0972 - Houndstone
973,Flamigo,0973 - Flamigo
974,Cetoddle,0974 - Cetoddle
975,Cetitan,0975 - Cetitan
976,Veluza,0976 - Veluza
977,Dondozo,0977 - Dondozo
978,Tatsugiri,0978 - Tatsugiri
979,Annihilape,0979 - Annihilape
980,Clodsire,0980 - Clodsire
981,Farigiraf,0981 - Farigiraf
982,Dudunsparce,0982 - Dudunsparce
983,Kingambit,0983 - Kingambit
984,Colmilargo,0984 - Colmilargo
985,Colagrito,0985 - Colagrito
986,Furioseta,0986 - Furioseta
987,Melenaleteo,0987 - Melenaleteo
988,Reptalada,0988 - Reptalada
989,Pelarena,0989 - Pelarena
990,Ferrodada,0990 - Ferrodada
991,Ferrosaco,0991 - Ferrosaco
992,Ferropalmas,0992 - Ferropalmas
993,Ferrocuello,0993 - Ferrocuello
994,Ferropolilla,0994 - Ferropolilla
995,Ferropúas,0995 - Ferropúas
996,Frigibax,0996 - Frigibax
997,Arctibax,0997 - Arctibax
998,Baxcalibur,0998 - Baxcalibur
999,Gimmighoul,0999 - Gimmighoul
1000,Gholdengo,1000 - Gholdengo
1001,Wo-Chien,1001 - Wo-Chien
1002,Chien-Pao,1002 - Chien-Pao
1003,Ting-Lu,1003 - Ting-Lu
1004,Chi-Yu,1004 - Chi-Yu
1005,Bramaluna,1005 - Bramaluna
1006,Ferropaladín,1006 - Ferropaladín
1007,Koraidon,1007 - Koraidon
1008,Miraidon,1008 - Miraidon
1009,Ondulagua,1009 - Ondulagua
1010,Ferroverdor,1010 - Ferroverdor
1011,Dipplin,1011 - Dipplin
1012,Poltchageist,1012 - Poltchageist
1013,Sinistcha,1013 - Sinistcha
1014,Okidogi,1014 - Okidogi
1015,Munkidori,1015 - Munkidori
1016,Fezandipiti,1016 - Fezandipiti
1017,Ogerpon,1017 - Ogerpon
1018,Archaludon,1018 - Archaludon
1019,Hydrapple,1019 - Hydrapple
1020,Flamariete,1020 - Flamariete
1021,Electrofuria,1021 - Electrofuria
1022,Ferromole,1022 - Ferromole
1023,Ferrotesta,1023 - Ferrotesta
1024,Terapagos,1024 - Terapagos
1025,Pecharunt,1025 - Pecharunt
